ID,Topic,Advice
--,-------------------,--------------------------------------------------------------------
1,Budgeting,Track your income and expenses using the 50/30/20 rule.
2,Investing,Start investing early in index funds or mutual funds.
3,Debt Management,Pay off high-interest debts first to reduce financial strain.
4,Emergency Fund,Save 3–6 months of expenses for emergencies in a savings account.
5,Retirement Planning,Contribute regularly to a 401(k) or Roth IRA.
6,Spending Habits,Differentiate between needs and wants to avoid unnecessary spending.
7,Credit Score,Pay bills on time and keep credit use below 30%.
8,Saving Goals,Set SMART financial goals to save effectively.
9,Budgeting,Track your income and expenses using the 50/30/20 rule.
10,Investing,Start investing early in index funds or mutual funds.
11,Debt Management,Pay off high-interest debts first to reduce financial strain.
12,Emergency Fund,Save 3–6 months of expenses for emergencies in a savings account.
13,Retirement Planning,Contribute regularly to a 401(k) or Roth IRA.
14,Spending Habits,Differentiate between needs and wants to avoid unnecessary spending.
15,Credit Score,Pay bills on time and keep credit use below 30%.
16,Saving Goals,Set SMART financial goals to save effectively.
17,Budgeting,Track your income and expenses using the 50/30/20 rule.
18,Investing,Start investing early in index funds or mutual funds.
19,Debt Management,Pay off high-interest debts first to reduce financial strain.
20,Emergency Fund,Save 3–6 months of expenses for emergencies in a savings account.
21,Retirement Planning,Contribute regularly to a 401(k) or Roth IRA.
22,Spending Habits,Differentiate between needs and wants to avoid unnecessary spending.
23,Credit Score,Pay bills on time and keep credit use below 30%.
24,Saving Goals,Set SMART financial goals to save effectively.
25,Budgeting,Track your income and expenses using the 50/30/20 rule.
26,Investing,Start investing early in index funds or mutual funds.
27,Debt Management,Pay off high-interest debts first to reduce financial strain.
28,Emergency Fund,Save 3–6 months of expenses for emergencies in a savings account.
29,Retirement Planning,Contribute regularly to a 401(k) or Roth IRA.
30,Spending Habits,Differentiate between needs and wants to avoid unnecessary spending.
31,Credit Score,Pay bills on time and keep credit use below 30%.
32,Saving Goals,Set SMART financial goals to save effectively.
33,Budgeting,Track your income and expenses using the 50/30/20 rule.
34,Investing,Start investing early in index funds or mutual funds.
35,Debt Management,Pay off high-interest debts first to reduce financial strain.
36,Emergency Fund,Save 3–6 months of expenses for emergencies in a savings account.
37,Retirement Planning,Contribute regularly to a 401(k) or Roth IRA.
38,Spending Habits,Differentiate between needs and wants to avoid unnecessary spending.
39,Credit Score,Pay bills on time and keep credit use below 30%.
40,Saving Goals,Set SMART financial goals to save effectively.
41,Investing Basics,"Diversify your portfolio by including stocks, bonds, and alternative assets."
42,Credit Management,Regularly check your credit report and dispute any inaccuracies.
43,Building Wealth,Start saving and investing early to take advantage of compound interest.
44,Retirement Accounts,Contribute to a 401(k) or IRA to reduce taxable income and save for retirement.
45,Emergency Savings,Aim to have at least 3 to 6 months of expenses saved for emergencies.
46,Tax Strategies,Consider tax-advantaged accounts like HSA or 529 plans to lower taxes.
47,Financial Discipline,Automate your savings and bill payments to avoid late fees and missed opportunities.
48,Real Estate,Research the local real estate market to find the best investment opportunities.
49,Financial Planning,Create a clear budget and stick to it to maintain financial stability.
50,Student Loans,Explore repayment options like refinancing or income-driven plans.
51,Side Income,Consider freelance work or starting an online business to boost your income.
52,Cryptocurrency Investing,Only invest in crypto with money you’re willing to lose due to its high volatility.
53,Risk Management,Diversify your investments to minimize the risk of losing money.
54,Budgeting,Set realistic and achievable spending limits for each category.
55,Saving for College,Use a 529 plan to save for your child’s education with tax advantages.
56,Debt Consolidation,Consider consolidating high-interest debts into a lower-interest loan.
57,Insurance Protection,Regularly review your insurance policies to ensure adequate coverage.
58,Passive Income,"Explore rental properties, stocks, or dividend-paying investments to generate passive income."
59,Long-Term Investing,Invest in growth stocks or mutual funds for long-term capital appreciation.
60,Health Savings,Contribute to an HSA for tax-free savings on medical expenses.
61,Credit Score,Keep your credit utilization ratio below 30% for optimal credit health.
62,Financial Freedom,Set a savings rate and track progress to achieve financial independence.
63,Saving for Retirement,Use compound interest to your advantage by saving consistently for retirement.
64,Estate Planning,Create a will and set up a trust to ensure smooth asset distribution after death.
65,Investment Risk,Assess your risk tolerance before selecting investments for your portfolio.
66,Emergency Budgeting,Cut non-essential expenses during financial hardship to preserve savings.
67,Investment Strategy,Use the dollar-cost averaging strategy to spread out investment purchases.
68,Budgeting for Families,Create a family budget and include savings goals for all members.
69,Tax Preparation,Use tax software or a professional to maximize deductions and avoid penalties.
70,Wealth Management,Seek professional advice on managing investments and growing your wealth.
71,Financial Literacy,"Educate yourself on different investment types, such as stocks and bonds."
72,Debt Snowball Method,Pay off smaller debts first to gain momentum and build confidence.
73,Emergency Fund,Make sure your emergency fund is easily accessible in case of sudden expenses.
74,Real Estate Flipping,Research property values and renovation costs before flipping houses for profit.
75,Budgeting Tools,Use budgeting apps like Mint or YNAB to track spending and stay on target.
76,Saving for a Home,Set aside funds for a down payment by creating a dedicated savings account.
77,Tax Deferred Growth,Invest in retirement accounts like 401(k)s to grow your savings tax-deferred.
78,Sustainable Investing,Consider investing in environmentally conscious companies or ESG funds.
79,Social Security,Understand your Social Security benefits and how they fit into your retirement plan.
80,Financial Advisor,Consult with a financial advisor to create a personalized financial plan.
81,Investing Basics,"Diversify your investments across stocks, bonds, and real estate."
82,Credit Card Usage,Pay your balance in full each month to avoid high-interest fees.
83,Budgeting for Families,Create a family budget and prioritize expenses for savings.
84,Tax Planning,Maximize your tax deductions by contributing to retirement accounts.
85,Real Estate Investing,Research local markets and invest in properties with strong growth potential.
86,Cryptocurrency,Invest only what you can afford to lose in cryptocurrencies due to their volatility.
87,Financial Independence,Save and invest aggressively to achieve financial independence as early as possible.
88,Student Loans,Consider income-driven repayment plans to ease student loan repayment.
89,Insurance Planning,"Have adequate insurance for health, life, auto, and home to protect your assets."
90,Side Hustles,Start a side business or freelance to boost your income.
91,Emergency Budgeting,"In times of crisis, prioritize essentials and eliminate non-essential spending."
92,Robo-Advisors,Use robo-advisors to automate investment management at low fees.
93,Dollar-Cost Averaging,"Invest a fixed amount regularly, regardless of market conditions, to minimize timing risk."
94,Financial Literacy,"Learn the basics of finance, including investing, taxes, and budgeting."
95,Short-Term Savings,Keep short-term savings in high-yield savings accounts for quick access.
96,Debt Snowball Method,Pay off your smallest debts first to gain momentum in eliminating debt.
97,Passive Income,"Look for opportunities to generate passive income through dividends, royalties, or real estate."
98,Estate Planning,Draft a will and establish trusts to ensure your assets are distributed according to your wishes.
99,Inflation Protection,Invest in assets like gold or inflation-protected securities to guard against inflation.
100,Financial Goals,"Set specific, measurable, and realistic financial goals to stay motivated and on track."
